Domain name,Domain type,Agency,Organization name,City,State,Security contact email
jusfc.gov,Federal - Executive,Japan-US Friendship Commission,Japan-US Friendship Commission,Washington,DC,jusfc@jusfc.gov
kennedy-center.gov,Federal - Executive,John F. Kennedy Center for Performing Arts,John F Kennedy Center for Performing Arts,Washington,DC,sbsellappan@kennedy-center.org
lsc.gov,Federal - Executive,Legal Services Corporation,Legal Services Corporation,Washington,DC,(blank)
mmc.gov,Federal - Executive,Marine Mammal Commission,Marine Mammal Commission,Bethesda,MD,cshrestha@mmc.gov
mspb.gov,Federal - Executive,Merit Systems Protection Board,US Merit Systems Protection Board,Washington,DC,tim.mcaleer@mspb.gov
mcc.gov,Federal - Executive,Millennium Challenge Corporation,Millennium Challenge Corporation,Washington,DC,MCCCISOTeam@mcc.gov
mcctest.gov,Federal - Executive,Millennium Challenge Corporation,Millennium Challenge Corporation,Washington,DC,MCCCISOTeam@mcc.gov
ecr.gov,Federal - Executive,Morris K. Udall and Stewart L. Udall Foundation,Morris K. Udall and Stewart L. Udall Foundation,Tucson,AZ,securityreporting@udall.gov
udall.gov,Federal - Executive,Morris K. Udall and Stewart L. Udall Foundation,Morris K. Udall and Stewart L. Udall Foundation,Tucson,AZ,securityreporting@udall.gov
earth.gov,Federal - Executive,National Aeronautics and Space Administration,NASA Earth Science Division,Washington,DC,soc@nasa.gov
globe.gov,Federal - Executive,National Aeronautics and Space Administration,NASA Science Data Systems Branch,Greenbelt,MD,soc@nasa.gov
nasa.gov,Federal - Executive,National Aeronautics and Space Administration,NASA Office of the Chief Information Officer,Huntsville,AL,soc@nasa.gov
scijinks.gov,Federal - Executive,National Aeronautics and Space Administration,Jet Propulsion Lab Communications and Education Directorate,Huntsville,AL,soc@nasa.gov
usgeo.gov,Federal - Executive,National Aeronautics and Space Administration,NASA Langley Research Center,Huntsville,AL,soc@nasa.gov
9-11commission.gov,Federal - Executive,National Archives and Records Administration,National Archives and Records Administration,College Park,MD,security-vdp@nara.gov
911commission.gov,Federal - Executive,National Archives and Records Administration,National Archives and Records Administration,College Park,MD,security-vdp@nara.gov
archives.gov,Federal - Executive,National Archives and Records Administration,National Archives and Records Administration,College Park,MD,security-vdp@nara.gov
bush41library.gov,Federal - Executive,National Archives and Records Administration,National Archives and Records Administration,College Park,MD,security-vdp@nara.gov
clintonlibrary.gov,Federal - Executive,National Archives and Records Administration,William Clinton Presidential Library,Little Rock,AR,security-vdp@nara.gov
dd214.gov,Federal - Executive,National Archives and Records Administration,National Archives and Records Administration,College Park,MD,security-vdp@nara.gov
eisenhowerlibrary.gov,Federal - Executive,National Archives and Records Administration,National Archives and Records Administration,College Park,MD,security-vdp@nara.gov
emergency-federal-register.gov,Federal - Executive,National Archives and Records Administration,National Archives and Records Administration,College Park,MD,security-vdp@nara.gov
fcic.gov,Federal - Executive,National Archives and Records Administration,National Archives and Records Administration,College Park,MD,security-vdp@nara.gov
fordlibrarymuseum.gov,Federal - Executive,National Archives and Records Administration,Gerald R. Ford Library and Museum,College Park,MD,security-vdp@nara.gov
frc.gov,Federal - Executive,National Archives and Records Administration,National Archives and Records Administration,College Park,MD,security-vdp@nara.gov
georgewbushlibrary.gov,Federal - Executive,National Archives and Records Administration,National Archives and Records Administration,College Park,MD,security-vdp@nara.gov
history.gov,Federal - Executive,National Archives and Records Administration,National Archives and Records Administration,College Park,MD,security-vdp@nara.gov
jfklibrary.gov,Federal - Executive,National Archives and Records Administration,National Archives and Records Administration,College Park,MD,security-vdp@nara.gov
jimmycarterlibrary.gov,Federal - Executive,National Archives and Records Administration,Jimmy Carter Library & Museum,College Park,MD,security-vdp@nara.gov
lbjlibrary.gov,Federal - Executive,National Archives and Records Administration,National Archives and Records Administration,College Park,MD,security-vdp@nara.gov
nara.gov,Federal - Executive,National Archives and Records Administration,National Archives and Records Administration,College Park,MD,security-vdp@nara.gov
nixonlibrary.gov,Federal - Executive,National Archives and Records Administration,NPOL,College Park,MD,security-vdp@nara.gov
obamalibrary.gov,Federal - Executive,National Archives and Records Administration,National Archives and Records Administration,College Park,MD,security-vdp@nara.gov
obamawhitehouse.gov,Federal - Executive,National Archives and Records Administration,National Archives and Records Administration,College Park,MD,security-vdp@nara.gov
ourdocuments.gov,Federal - Executive,National Archives and Records Administration,National Archives and Records Administration,College Park,MD,security-vdp@nara.gov
reaganlibrary.gov,Federal - Executive,National Archives and Records Administration,Policy and Planning,College Park,MD,security-vdp@nara.gov
recordsmanagement.gov,Federal - Executive,National Archives and Records Administration,National Archives and Records Administration,College Park,MD,security-vdp@nara.gov
trumanlibrary.gov,Federal - Executive,National Archives and Records Administration,National Archives and Records Administration,College Park,MD,security-vdp@nara.gov
trumplibrary.gov,Federal - Executive,National Archives and Records Administration,National Archives and Records Administration,College Park,MD,security-vdp@nara.gov
trumpwhitehouse.gov,Federal - Executive,National Archives and Records Administration,National Archives and Records Administration,College Park,MD,security-vdp@nara.gov
wartimecontracting.gov,Federal - Executive,National Archives and Records Administration,National Archives and Records Administration,College Park,MD,security-vdp@nara.gov
webharvest.gov,Federal - Executive,National Archives and Records Administration,National Archives and Records Administration,College Park,MD,security-vdp@nara.gov
ncpc.gov,Federal - Executive,National Capital Planning Commission,National Capital Planning Commission,Washington,DC,csirt@ncpc.gov
ncd.gov,Federal - Executive,National Council on Disability,National Council on Disability,Washington,DC,kwoods@ncd.gov
mycreditunion.gov,Federal - Executive,National Credit Union Administration,National Credit Union Administration,Alexandria,VA,SOC@ncua.gov
ncua.gov,Federal - Executive,National Credit Union Administration,National Credit Union Administration,Alexandria,VA,SOC@ncua.gov
arts.gov,Federal - Executive,National Endowment for the Arts,Office of Information and Technology Management,Washington,DC,security@arts.gov
nea.gov,Federal - Executive,National Endowment for the Arts,Office of Information and Technology Management,Washington,DC,security@arts.gov
humanities.gov,Federal - Executive,National Endowment for the Humanities,Office of Information Resources Management,Washington,DC,dotgov@neh.gov
neh.gov,Federal - Executive,National Endowment for the Humanities,Office of Information Resources Management,Washington,DC,dotgov@neh.gov
nga.gov,Federal - Executive,National Gallery of Art,National Gallery of Art,Washington,DC,soc@NGA.GOV
nigc.gov,Federal - Executive,National Indian Gaming Commission,National Indian Gaming Commision,Washington,DC,itsupport@nigc.gov
nlrb.gov,Federal - Executive,National Labor Relations Board,National Labor Relations Board,Washington,DC,vdp@nlrb.gov
nmb.gov,Federal - Executive,National Mediation Board,National Mediation Board,Washington,DC,soc@nmb.gov
arctic.gov,Federal - Executive,National Science Foundation,U.S. Arctic Research Commission,Arlington,VA,dallas@sec-data-eng.com
nsf.gov,Federal - Executive,National Science Foundation,National Science Foundation,Alexandria,VA,dis-secteam@nsf.gov
research.gov,Federal - Executive,National Science Foundation,National Science Foundation,Alexandria,VA,dis-secteam@nsf.gov
sac.gov,Federal - Executive,National Science Foundation,Small Agency Council,Alexandria,VA,dis-secteam@nsf.gov
usap.gov,Federal - Executive,National Science Foundation,"National Science Foundation, Office of Polar Programs",Alexandria,VA,NSF-USAP-InfoSec@nsf.gov
nscai.gov,Federal - Executive,National Security Commission on Artificial Intelligence,National Security Commission on Artificial Intelligence,Arlington,VA,michael.l.gable.civ@mail.mil
ntsb.gov,Federal - Executive,National Transportation Safety Board,National Transportation Safety Board,Washington,DC,soc@ntsb.gov
itrd.gov,Federal - Executive,Networking Information Technology Research and Development,National Coordination Office for Networking and Information Technology Research and Development,Arlington,VA,security@nitrd.gov
nitrd.gov,Federal - Executive,Networking Information Technology Research and Development,National Coordination Office for Networking and Information Technology Research and Development,Arlington,VA,security@nitrd.gov
nbrc.gov,Federal - Executive,Northern Border Regional Commission,Northern Border Regional Commission,Concord,NH,jorourke@nbrc.gov
nrc-gateway.gov,Federal - Executive,Nuclear Regulatory Commission,Nuclear Regulatory Commission,Rockville,MD,SOC_Alerts@nrc.gov
nrc.gov,Federal - Executive,Nuclear Regulatory Commission,Nuclear Regulatory Commission,Rockville,MD,soc_alerts@nrc.gov
oshrc.gov,Federal - Executive,Occupational Safety & Health Review Commission,Occupational Safety & Health Review Commission,Washington,DC,support@oshrc.gov
integrity.gov,Federal - Executive,Office of Government Ethics,Office of Government Ethics,Washington,DC,security@oge.gov
oge.gov,Federal - Executive,Office of Government Ethics,Office of Government Ethics,Washington,DC,security@oge.gov
onhir.gov,Federal - Executive,Office of Navajo and Hopi Indian Relocation,Office of Navajo and Hopi Indian Relocation,Flagstaff,AZ,support@flagstaffit.com
applicationmanager.gov,Federal - Executive,Office of Personnel Management,OPM Human Resource Solutions,Macon,GA,cybersolutions@opm.gov
chcoc.gov,Federal - Executive,Office of Personnel Management,Chief Human Capital Officers,Washington,DC,dana.dulaney@opm.gov
cybercareers.gov,Federal - Executive,Office of Personnel Management,OPM Human Resource Solutions,Washington,DC,dana.dulaney@opm.gov
employeeexpress.gov,Federal - Executive,Office of Personnel Management,OPM Human Resource Solutions,Macon,GA,dana.dulaney@opm.gov
e-qip.gov,Federal - Executive,Office of Personnel Management,Defense Counterintelligence and Security Agency,Washington,DC,kevin.crews@opm.gov
feb.gov,Federal - Executive,Office of Personnel Management,Federal Executive Board,Washington,DC,dana.dulaney@opm.gov
federaljobs.gov,Federal - Executive,Office of Personnel Management,OPM Human Resource Solutions,Macon,GA,dana.dulaney@opm.gov
fedjobs.gov,Federal - Executive,Office of Personnel Management,OPM Human Resource Solutions,Macon,GA,dana.dulaney@opm.gov
fedshirevets.gov,Federal - Executive,Office of Personnel Management,OPM Human Resource Solutions,Washington,DC,dana.dulaney@opm.gov
fegli.gov,Federal - Executive,Office of Personnel Management,OPM Federal Employees Benefits,Washington,DC,dana.dulaney@opm.gov
fsafeds.gov,Federal - Executive,Office of Personnel Management,OPM Federal Employees Benefits,Washington,DC,dana.dulaney@opm.gov
golearn.gov,Federal - Executive,Office of Personnel Management,OPM Center for Leadership Development,Washington,DC,dana.dulaney@opm.gov
governmentjobs.gov,Federal - Executive,Office of Personnel Management,OPM Human Resource Solutions,Macon,GA,dana.dulaney@opm.gov
opm.gov,Federal - Executive,Office of Personnel Management,Office Of Personnel Management,Macon,GA,dana.dulaney@opm.gov
pac.gov,Federal - Executive,Office of Personnel Management,Performance Accountability Council,Washington,DC,kevin.crews@opm.gov
pmf.gov,Federal - Executive,Office of Personnel Management,Presidential Management Fellows,Washington,DC,dana.dulaney@opm.gov
telework.gov,Federal - Executive,Office of Personnel Management,"OPM Policy, Data, Oversight",Washington,DC,dana.dulaney@opm.gov
unlocktalent.gov,Federal - Executive,Office of Personnel Management,OPM Enterprise Human Resources Integration,Washington,DC,Dana.Dulaney@OPM.GOV
usajobs.gov,Federal - Executive,Office of Personnel Management,OPM Human Resource Solutions,Washington,DC,dana.dulaney@opm.gov
usalearning.gov,Federal - Executive,Office of Personnel Management,OPM Center for Leadership Development,Washington,DC,dana.dulaney@opm.gov
usastaffing.gov,Federal - Executive,Office of Personnel Management,OPM Human Resource Solutions,Macon,GA,cybersolutions@opm.gov
pbgc.gov,Federal - Executive,Pension Benefit Guaranty Corporation,Office of Information Technology,Washington,DC,INFO-USCERT@pbgc.gov
prc.gov,Federal - Executive,Postal Regulatory Commission,Postal Regulatory Commission,Washington,DC,itsecure@prc.gov
presidiocommercial.gov,Federal - Executive,Presidio Trust,Presidio Trust,San Francisco,CA,securitycontact@presidiotrust.gov
presidio.gov,Federal - Executive,Presidio Trust,Presidio Trust,San Francisco,CA,securitycontact@presidiotrust.gov
presidiotrust.gov,Federal - Executive,Presidio Trust,Presidio Trust,San Francisco,CA,securitycontact@presidiotrust.gov
presidiotunneltops.gov,Federal - Executive,Presidio Trust,Presidio Trust,San Francisco,CA,securitycontact@presidiotrust.gov
pclob.gov,Federal - Executive,Privacy and Civil Liberties Oversight Board,Privacy & Civil Liberties Oversight Board,Washington,DC,soc@pclob.gov
pbrb.gov,Federal - Executive,Public Buildings Reform Board,General Services Administration,Washington,DC,gsa-ir@gsa.gov
rrb.gov,Federal - Executive,Railroad Retirement Board,Bureau of Information Services,Chicago,IL,security@rrb.gov
investor.gov,Federal - Executive,Securities and Exchange Commission,Network Operations Branch,Washington,DC,security@sec.gov
sec.gov,Federal - Executive,Securities and Exchange Commission,Network Operations Branch,Washington,DC,security@sec.gov
sss.gov,Federal - Executive,Selective Service System,Selective Service System,Arlington,VA,soc@sss.gov
business.gov,Federal - Executive,Small Business Administration,Small Business Administration,Washington,DC,CISO@sba.gov
nwbc.gov,Federal - Executive,Small Business Administration,Small Business Administration,Washington,DC,CISO@sba.gov
sba.gov,Federal - Executive,Small Business Administration,Small Business Administration,Washington,DC,CISO@sba.gov
sbir.gov,Federal - Executive,Small Business Administration,SBA-Office of Innovation & Technology,Washington,DC,CISO@sba.gov
itis.gov,Federal - Executive,Smithsonian Institution,Smithsonian Institution,Washington,DC,abuse@si.edu
smithsonian.gov,Federal - Executive,Smithsonian Institution,Smithsonian Institution Office of the CIO (OCIO),Herndon,VA,abuse@si.edu
segurosocial.gov,Federal - Executive,Social Security Administration,SSA/OSOHE/Division of Network Engineering ,Baltimore,MD,security@ssa.gov
socialsecurity.gov,Federal - Executive,Social Security Administration,SSA/OSOHE/Division of Network Engineering,Baltimore,MD,security@ssa.gov
ssa.gov,Federal - Executive,Social Security Administration,SSA/OSOHE/Division of Network Engineering,Baltimore,MD,security@ssa.gov
ssab.gov,Federal - Executive,Social Security Advisory Board,Social Security Advisory Board,Washington,DC,admin@ssab.gov
scrc.gov,Federal - Executive,Southeast Crescent Regional Commission,Southeast Crescent Regional Commission,Washington,DC,philmcneil@1brightstar.com
sbrc.gov,Federal - Executive,Southwest Border Regional Commission,"GSA, FAS",Washington,DC,gsa-vulnerability-reports@gsa.gov
sji.gov,Federal - Executive,State Justice Institute,State Justice Institute,Fairfax,VA,(blank)
stb.gov,Federal - Executive,Surface Transportation Board,Surface Transportation Board,Washington,DC,ITSecurity.Staff@stb.gov
tva.gov,Federal - Executive,Tennessee Valley Authority,TVA IT,Knoxville,TN,vdp@tva.gov
tvaoig.gov,Federal - Executive,Tennessee Valley Authority,Tennessee Valley Authority Office of Inspector General,Knoxville,TN,kdkeen@tvaoig.gov
ptf.gov,Federal - Executive,The Intelligence Community,Prosecution Task Force,Washington,DC,(blank)
worldwar1centennial.gov,Federal - Executive,The United States World War One Centennial Commission,The United States World War One Centennial Commission,Washington,DC,chris.christopher@worldwar1centennial.gov
abilityone.gov,Federal - Executive,United States AbilityOne,Committee for Purchase From People Who Are Blind or Severely Disabled,Arlington,VA,eyang@abilityone.gov
jwod.gov,Federal - Executive,United States AbilityOne,Committee for Purchase From People Who Are Blind or Severely Disabled,Arlington,VA,eyang@abilityone.gov
access-board.gov,Federal - Executive,United States Access Board,U.S Access Board,Washington,DC,cybersecurity@access-board.gov
adf.gov,Federal - Executive,United States African Development Foundation,African Development Foundation,Washington,DC,schi@usadf.gov
usadf.gov,Federal - Executive,United States African Development Foundation,African Development Foundation,Washington,DC,schi@usadf.gov
bbg.gov,Federal - Executive,United States Agency for Global Media,IBB/VOA/BBG,,,it-security@usagm.gov
ibb.gov,Federal - Executive,United States Agency for Global Media,Broadcasting Board of Governors,,,it-security@usagm.gov
ocb.gov,Federal - Executive,United States Agency for Global Media,Office of Cuba Broadcasting,Doral,FL,it-security@usagm.gov
usagm.gov,Federal - Executive,United States Agency for Global Media,Broadcasting Board of Governors,,,it-security@usagm.gov
voa.gov,Federal - Executive,United States Agency for Global Media,VOA,,,it-security@usagm.gov
globalchange.gov,Federal - Executive,United States Global Change Research Program,U.S. Global Change Research Program,Washington,DC,(blank)
ipcc-wg3.gov,Federal - Executive,United States Global Change Research Program,U.S. Global Change Research Program,Washington,DC,admin@usgcrp.gov
usgcrp.gov,Federal - Executive,United States Global Change Research Program,U.S. Global Change Research Program,Washington,DC,(blank)
ushmm.gov,Federal - Executive,United States Holocaust Memorial Museum,United States Holocaust Memorial Museum,Washington,DC,chandra@ushmm.org
usip.gov,Federal - Executive,United States Institute of Peace,GSA/United States Institute of Peace,Washington,DC,mrich@usip.gov
ich.gov,Federal - Executive,United States Interagency Council on Homelessness,United States Interagency Council on Homelessness,Washington,DC,(blank)
usich.gov,Federal - Executive,United States Interagency Council on Homelessness,United States Interagency Council on Homelessness,Washington,DC,(blank)
dfc.gov,Federal - Executive,United States International Development Finance Corporation,US International Development Finance Corporation,Washington,DC,ciso@dfc.gov
idfc.gov,Federal - Executive,United States International Development Finance Corporation,US International Development Finance Corporation,Washington,DC,ciso@dfc.gov
opic.gov,Federal - Executive,United States International Development Finance Corporation,US International Development Finance Corporation,Washington,DC,ciso@dfc.gov
usdfc.gov,Federal - Executive,United States International Development Finance Corporation,US International Development Finance Corporation,washington,DC,ciso@dfc.gov
usidfc.gov,Federal - Executive,United States International Development Finance Corporation,US International Development Finance Corporation,Washington,DC,ciso@dfc.gov
usitc.gov,Federal - Executive,United States International Trade Commission,OCIO,Washington,DC,vdp@usitc.gov
usitcoig.gov,Federal - Executive,United States International Trade Commission,USITC Office of Inspector General,Washington,DC,(blank)
changeofaddress.gov,Federal - Executive,United States Postal Service,U.S. Postal Service,Washington,DC,(blank)
mail.gov,Federal - Executive,United States Postal Service,U.S. Postal Service,Raleigh,NC,(blank)
myusps.gov,Federal - Executive,United States Postal Service,U.S. Postal Service,Raleigh,NC,(blank)
postoffice.gov,Federal - Executive,United States Postal Service,U.S. Postal Service,Raleigh,NC,(blank)
purchasing.gov,Federal - Executive,United States Postal Service,U.S. Postal Service,Raleigh,NC,(blank)
uspis.gov,Federal - Executive,United States Postal Service,U.S. Postal Service,Arlington,VA,(blank)
usps.gov,Federal - Executive,United States Postal Service,U.S. Postal Service,Raleigh,NC,(blank)
uspsinformeddelivery.gov,Federal - Executive,United States Postal Service,U.S. Postal Service,Raleigh,NC,(blank)
uspsinnovates.gov,Federal - Executive,United States Postal Service,U.S. Postal Service,Washington,DC,(blank)
uspsoig.gov,Federal - Executive,United States Postal Service,USPS Office of Inspector General,Arlington,VA,IncidentReport@uspsoig.gov
ustda.gov,Federal - Executive,United States Trade and Development Agency,US Trade and Development Agency,Arlington,VA,avicchiollo@ustda.gov
childreninadversity.gov,Federal - Executive,U.S. Agency for International Development,USAID/GH.CECA,Washington,DC,VDP@usaid.gov
dfafacts.gov,Federal - Executive,U.S. Agency for International Development,Office of the Director of U.S. Foreign Assistance,Washington,DC,VDP@usaid.gov
feedthefuture.gov,Federal - Executive,U.S. Agency for International Development,Bureau for Resilience and Food Security (RFS),Washington,DC,VDP@USAID.GOV
foreignassistance.gov,Federal - Executive,U.S. Agency for International Development,Foreign Assistance Office (F/PPS),Washington,DC,VDP@usaid.gov
neglecteddiseases.gov,Federal - Executive,U.S. Agency for International Development,Bureau for Global Health,Washington,DC,VDP@USAID.GOV
pmi.gov,Federal - Executive,U.S. Agency for International Development,Bureau for Global Health,Washington,DC,VDP@USAID.GOV
prosperafrica.gov,Federal - Executive,U.S. Agency for International Development,U.S. Agency for International Development,Washington,DC,vdp@usaid.gov
usaid.gov,Federal - Executive,U.S. Agency for International Development,M/CIO,Washington,DC,VDP@USAID.GOV
workwithusaid.gov,Federal - Executive,U.S. Agency for International Development,U.S. Agency for International Development,Washington,DC,vdp@usaid.gov
heritageabroad.gov,Federal - Executive,U.S. Commission for the Preservation of Americas Heritage Abroad,U.S. Commission for the Preservation of America's Heritage Abroad,Washington,DC,ari@thetechmensch.com
cfa.gov,Federal - Executive,U.S. Commission of Fine Arts,U.S. Commission of Fine Arts,Washington,DC,gsa-vulnerability-reports@gsa.gov
civilrightsusa.gov,Federal - Executive,U.S. Commission on Civil Rights,ASCD-CIO,Washington,DC,ccrsoc@usccr.gov
cssbmb.gov,Federal - Executive,U.S. Commission on Civil Rights,Commission on the Social Status of Black Men and Black Boys,Washington,DC,ccrsoc@usccr.gov
usccr.gov,Federal - Executive,U.S. Commission on Civil Rights,ASCD-CIO,Washington,DC,ccrsoc@usccr.gov
uscirf.gov,Federal - Executive,U.S. Commission on International Religious Freedom,U.S. Commission on International Religious Freedom,Washington,DC,tkraemer@uscirf.gov
22007apply.gov,Federal - Executive,U.S. Department of Agriculture,U.S. Department of Agriculture,Washington,DC,james.flickinger@usda.gov
aff.gov,Federal - Executive,U.S. Department of Agriculture,Aviation Management Directorate,Boise,ID,cyber.incident@usda.gov
ag.gov,Federal - Executive,U.S. Department of Agriculture,U.S. Department of Agriculture,Tucson,AZ,cyber.incidents@asoc.usda.gov
ars-grin.gov,Federal - Executive,U.S. Department of Agriculture,Agricultural Research Service ,Beltsville,MD,cyber.incidents@usda.gov
arsusda.gov,Federal - Executive,U.S. Department of Agriculture,Agricultural Research Service,Beltsville,MD,cyber.incidents@usda.gov
biopreferred.gov,Federal - Executive,U.S. Department of Agriculture,Office of Energy Policy and New Uses,Washington,DC,cyber.incidents@usda.gov
bosque.gov,Federal - Executive,U.S. Department of Agriculture,USDA Forest Service - Southwestern Region,Albuquerque,NM,cyber.incident@usda.gov
choosemyplate.gov,Federal - Executive,U.S. Department of Agriculture,USDA - Center for Nutrition Policy and Promotion,Alexandria,VA,joseph.binns@usda.gov
connect.gov,Federal - Executive,U.S. Department of Agriculture,OCIO/DISC,Kansas City,MO,cyber.incidents@usda.gov
dietaryguidelines.gov,Federal - Executive,U.S. Department of Agriculture,USDA - Center for Nutrition Policy and Promotion,Alexandria,VA,joseph.binns@usda.gov
empowhr.gov,Federal - Executive,U.S. Department of Agriculture,National Finance Center,New Orleans,LA,Gerald.smith2@usda.gov
execsec.gov,Federal - Executive,U.S. Department of Agriculture,U.S. Department of Agriculture,Washington,DC,robert.simpsonjr@usda.gov
farmerfairness.gov,Federal - Executive,U.S. Department of Agriculture,USDA - Agriculteral Marketing Service,Washington,DC,cyber.incidents@usda.gov
farmers.gov,Federal - Executive,U.S. Department of Agriculture,"USDA, Office of Communications",Washington,DC,cyber.incidents@usda.gov
fedsfeedfamilies.gov,Federal - Executive,U.S. Department of Agriculture,USDA/OC,Washington,DC,Sullie.Coleman@usda.gov
forestsandrangelands.gov,Federal - Executive,U.S. Department of Agriculture,US Forest Service,Washington,DC,cyber.incident@usda.gov
invasivespeciesinfo.gov,Federal - Executive,U.S. Department of Agriculture,USDA/ARS/NAL,Beltsville,MD,cyber.incidents@usda.gov
itap.gov,Federal - Executive,U.S. Department of Agriculture,"USDA, ARS, NAL",Beltsville,MD,cyber.incidents@usda.gov
lcacommons.gov,Federal - Executive,U.S. Department of Agriculture,National Agricultural Library,Beltsville,MD,cyber.incidents@usda.gov
myplate.gov,Federal - Executive,U.S. Department of Agriculture,USDA - Center for Nutrition Policy and Promotion,Alexandria,VA,joseph.binns@usda.gov
nafri.gov,Federal - Executive,U.S. Department of Agriculture,National Advanced Fire and Resource Institute,Tucson,AZ,cyber.incident@usda.gov
nutrition.gov,Federal - Executive,U.S. Department of Agriculture,Office of Communications,Washington,DC,cyber.incidents@usda.gov
nwcg.gov,Federal - Executive,U.S. Department of Agriculture,National Wildfire Coordinating Group,Boise,ID,cyber.incidents@usda.gov
rec.gov,Federal - Executive,U.S. Department of Agriculture,Recreation One Stop,Washington,DC,security@recreation.gov
recreation.gov,Federal - Executive,U.S. Department of Agriculture,Recreation One Stop,Washington,DC,security@recreation.gov
rural.gov,Federal - Executive,U.S. Department of Agriculture,Rural Development,Washington,DC,cyber.incidents@usda.gov
symbols.gov,Federal - Executive,U.S. Department of Agriculture,US Forest Service,Washington,DC,cyber.incident@usda.gov
usda.gov,Federal - Executive,U.S. Department of Agriculture,U.S. Department of Agriculture,Ft. Collins,CO,cyber.incidents@usda.gov
usdapii.gov,Federal - Executive,U.S. Department of Agriculture,Office of the Chief Information Officer,Washington,DC,cyber.incidents@usda.gov
wildfire.gov,Federal - Executive,U.S. Department of Agriculture,National Wildfire Coordinating Group,Boise,ID,cyber.incident@usda.gov
nwtrb.gov,Federal - Executive,U.S. Nuclear Waste Technical Review Board,Nuclear Waste Technical Review Board,Arlington,VA,security@nwtrb.gov
osc.gov,Federal - Executive,U.S. Office of Special Counsel,U.S. Office of Special Counsel,Washington,DC,vhall@osc.gov
oscnet.gov,Federal - Executive,U.S. Office of Special Counsel,U.S. Office of Special Counsel,Washington,DC,vhall@osc.gov
peacecorps.gov,Federal - Executive,U.S. Peace Corps,Peace Corps,Washington,DC,SOC2@peacecorps.gov
peacecorpsoig.gov,Federal - Executive,U.S. Peace Corps,Office of Inspector General,Washington,DC,SOC2@PeaceCorps.Gov
scinet.gov,Federal - Judicial,The Supreme Court,Supreme Court of the United States,Washington,DC,(blank)
scinet-test.gov,Federal - Judicial,The Supreme Court,Supreme Court of the United States,Washington,DC,(blank)
sc-us.gov,Federal - Judicial,The Supreme Court,Supreme Court of the United States,Washington,DC,(blank)
scus.gov,Federal - Judicial,The Supreme Court,Supreme Court of the United States,Washington,DC,(blank)
scuspd.gov,Federal - Judicial,The Supreme Court,Supreme Court of the United States,Washington,DC,(blank)
supreme-court.gov,Federal - Judicial,The Supreme Court,Supreme Court of the United States,Washington,DC,(blank)
supremecourt.gov,Federal - Judicial,The Supreme Court,Supreme Court of the United States,Washington,DC,(blank)
supremecourtus.gov,Federal - Judicial,The Supreme Court,Supreme Court of the United States,Washington,DC,(blank)
bankruptcy.gov,Federal - Judicial,U.S. Courts,Administrative Office U.S. Courts,Washington,DC,(blank)
cavc.gov,Federal - Judicial,U.S. Courts,US Court of Appeals for Veterans Claims,Washington,DC,helpdesk@uscourts.cavc.gov
fd.gov,Federal - Judicial,U.S. Courts,Defender Services Office,San Antonio,TX,Pedro_Carrasquillo-Roman@fd.org
federalcourts.gov,Federal - Judicial,U.S. Courts,Administrative Office U.S. Courts,Washington,DC,(blank)
federalprobation.gov,Federal - Judicial,U.S. Courts,Administrative Office U.S. Courts,Washington,DC,(blank)
federalrules.gov,Federal - Judicial,U.S. Courts,Administrative Office U.S. Courts,Washington,DC,(blank)
fjc.gov,Federal - Judicial,U.S. Courts,Federal Judicial Center,Washington,DC,(blank)
judicialconference.gov,Federal - Judicial,U.S. Courts,Administrative Office U.S. Courts,Washington,DC,(blank)
pacer.gov,Federal - Judicial,U.S. Courts,Administrative Office U.S. Courts,Washington,DC,(blank)
usbankruptcy.gov,Federal - Judicial,U.S. Courts,Administrative Office U.S. Courts,Washington,DC,(blank)
uscavc.gov,Federal - Judicial,U.S. Courts,US Court of Appeals for Veterans Claims,Washington,DC,helpdesk@uscourts.cavc.gov
usc.gov,Federal - Judicial,U.S. Courts,U.S. Courts,Washington,DC,(blank)
uscourts.gov,Federal - Judicial,U.S. Courts,U.S. Courts,Washington,DC,security@uscourts.gov
usprobation.gov,Federal - Judicial,U.S. Courts,Administrative Office U.S. Courts,Washington,DC,(blank)
ussc.gov,Federal - Judicial,U.S. Courts,United States Sentencing Commission,"Washington, D",DC,(blank)
ustaxcourt.gov,Federal - Judicial,U.S. Courts,United States Tax Court,Washington,DC,Domain.Security@ustaxcourt.gov
aoc.gov,Federal - Legislative,Architect of the Capitol,Architect of the Capitol,Washington,DC,DOMSEC@aoc.gov
capitalgiftshop.gov,Federal - Legislative,Architect of the Capitol,Architect of the Capitol,Washington,DC,DOMSEC@aoc.gov
capital.gov,Federal - Legislative,Architect of the Capitol,Architect of the Capitol,Washington,DC,DOMSEC@aoc.gov
capitolgiftshop.gov,Federal - Legislative,Architect of the Capitol,Architect of the Capitol,Washington,DC,DOMSEC@aoc.gov
capitol.gov,Federal - Legislative,Architect of the Capitol,Architect of the Capitol,Washington,DC,DOMSEC@aoc.gov
usbg.gov,Federal - Legislative,Architect of the Capitol,Architect of the Capitol,Washington,DC,DOMSEC@aoc.gov
uscapitalgiftshop.gov,Federal - Legislative,Architect of the Capitol,Architect of the Capitol,Washington,DC,DOMSEC@aoc.gov
uscapital.gov,Federal - Legislative,Architect of the Capitol,Architect of the Capitol,Washington,DC,DOMSEC@aoc.gov
uscapitolgiftshop.gov,Federal - Legislative,Architect of the Capitol,Architect of the Capitol,Washington,DC,DOMSEC@aoc.gov
uscapitolgiftstore.gov,Federal - Legislative,Architect of the Capitol,Architect of the Capitol,Washington,DC,DOMSEC@aoc.gov
uscapitol.gov,Federal - Legislative,Architect of the Capitol,Architect of the Capitol,Washington,DC,DOMSEC@aoc.gov
visitthecapital.gov,Federal - Legislative,Architect of the Capitol,Architect of the Capitol,Washington,DC,DOMSEC@aoc.gov
visitthecapitol.gov,Federal - Legislative,Architect of the Capitol,Architect of the Capitol,Washington,DC,DOMSEC@aoc.gov
cbo.gov,Federal - Legislative,Congressional Budget Office,Congressional Budget Office,Washington,DC,jesus.salang@cbo.gov
cbonews.gov,Federal - Legislative,Congressional Budget Office,Congressional Budget Office,Washington,DC,jesus.salang@cbo.gov
solarium.gov,Federal - Legislative,Cyberspace Solarium Commission,Cyberspace Solarium Commission,Arlington,VA,(blank)
eseclab.gov,Federal - Legislative,Government Accountability Office,Government Accountability Office,Washington,DC,soc@gao.gov
fasab.gov,Federal - Legislative,Government Accountability Office,FASAB,Washington,DC,(blank)
gao.gov,Federal - Legislative,Government Accountability Office,Government Accountability Office,Washington,DC,(blank)
gaoinnovation.gov,Federal - Legislative,Government Accountability Office,Government Accountability Office,Washington,DC,(blank)
gaoinnovationlab.gov,Federal - Legislative,Government Accountability Office,Government Accountability Office,Washington,DC,(blank)
gaoinnovations.gov,Federal - Legislative,Government Accountability Office,Government Accountability Office,Washington,DC,(blank)
gaonet.gov,Federal - Legislative,Government Accountability Office,Government Accountability Office,Washington,DC,(blank)
congressionaldirectory.gov,Federal - Legislative,Government Publishing Office,Government Publishing Office,Washington,DC,(blank)
congressionalrecord.gov,Federal - Legislative,Government Publishing Office,Government Publishing Office,Washington,DC,(blank)
ecfr.gov,Federal - Legislative,Government Publishing Office,Government Publishing Office,Washington,DC,(blank)
fdlp.gov,Federal - Legislative,Government Publishing Office,Government Publishing Office,Washington,DC,ssl@gpo.gov
fdsys.gov,Federal - Legislative,Government Publishing Office,Government Publishing Office,Washington,DC,(blank)
federalregister.gov,Federal - Legislative,Government Publishing Office,Government Publishing Office,Washington,DC,(blank)
fedreg.gov,Federal - Legislative,Government Publishing Office,Government Publishing Office,Washington,DC,(blank)
govinfo.gov,Federal - Legislative,Government Publishing Office,Government Publishing Office,Washington,DC,(blank)
gpodev.gov,Federal - Legislative,Government Publishing Office,Government Publishing Office,Washington,DC,noc@gpo.gov
gpo.gov,Federal - Legislative,Government Publishing Office,Government Publishing Office,Washington,DC,(blank)
housecalendar.gov,Federal - Legislative,Government Publishing Office,Government Publishing Office,Washington,DC,(blank)
ofr.gov,Federal - Legislative,Government Publishing Office,Government Publishing Office,Washington,DC,(blank)
presidentialdocuments.gov,Federal - Legislative,Government Publishing Office,Government Publishing Office,Washington,DC,(blank)
senatecalendar.gov,Federal - Legislative,Government Publishing Office,Government Publishing Office,Washington,DC,(blank)
uscode.gov,Federal - Legislative,Government Publishing Office,Government Publishing Office,Washington,DC,(blank)
usgovernmentmanual.gov,Federal - Legislative,Government Publishing Office,Office of Federal Register (NF),College Park,MD,(blank)
africanamericanhistorymonth.gov,Federal - Legislative,Library of Congress,Library of Congress,Washington,DC,security@loc.gov
americanmemory.gov,Federal - Legislative,Library of Congress,Library of Congress,Washington,DC,security@loc.gov
americaslibrary.gov,Federal - Legislative,Library of Congress,Library of Congress,Washington,DC,security@loc.gov
asianpacificheritage.gov,Federal - Legislative,Library of Congress,Library of Congress,Washington,DC,security@loc.gov
blackhistorymonth.gov,Federal - Legislative,Library of Congress,Library of Congress,Washington,DC,security@loc.gov
ccb.gov,Federal - Legislative,Library of Congress,Library of Congress,Washington,DC,security@loc.gov
congress.gov,Federal - Legislative,Library of Congress,Library of Congress,Washington,DC,security@loc.gov
copyrightclaimsboard.gov,Federal - Legislative,Library of Congress,Library of Congress,Washington,DC,security@loc.gov
copyright.gov,Federal - Legislative,Library of Congress,Library of Congress,Washington,DC,security@loc.gov
crb.gov,Federal - Legislative,Library of Congress,Copyright Royalty Board,Washington,DC,security@loc.gov
crs.gov,Federal - Legislative,Library of Congress,Congressional Research Service,Washington,DC,security@loc.gov
currencyreaderapplication.gov,Federal - Legislative,Library of Congress,Library of Congress,WASHINGTON,DC,security@loc.gov
currencyreader.gov,Federal - Legislative,Library of Congress,Library of Congress,WASHINGTON,DC,security@loc.gov
digitalpreservation.gov,Federal - Legislative,Library of Congress,Library of Congress,Washington,DC,security@loc.gov
digitizationguidelines.gov,Federal - Legislative,Library of Congress,Library of Congress,Washington,DC,security@loc.gov
hispanicheritagemonth.gov,Federal - Legislative,Library of Congress,Library of Congress,Washington,DC,security@loc.gov
jewishheritage.gov,Federal - Legislative,Library of Congress,Library of Congress,Washington,DC,security@loc.gov
jewishheritagemonth.gov,Federal - Legislative,Library of Congress,Library of Congress,Washington,DC,security@loc.gov
law.gov,Federal - Legislative,Library of Congress,Library of Congress,Washington,DC,security@loc.gov
lctl.gov,Federal - Legislative,Library of Congress,Library of Congress,Washington,DC,security@loc.gov
libraryofcongress.gov,Federal - Legislative,Library of Congress,Library of Congress,Washington,DC,security@loc.gov
lis.gov,Federal - Legislative,Library of Congress,Library of Congress,Washington,DC,security@loc.gov
literacy.gov,Federal - Legislative,Library of Congress,Library of Congress,Washington,DC,security@loc.gov
loc.gov,Federal - Legislative,Library of Congress,Library of Congress,Washington,DC,security@loc.gov
loctps.gov,Federal - Legislative,Library of Congress,Library of Congress,Washington,DC,security@loc.gov
nativeamericanheritagemonth.gov,Federal - Legislative,Library of Congress,Library of Congress,Washington,DC,security@loc.gov
read.gov,Federal - Legislative,Library of Congress,Library of Congress,Washington,DC,security@loc.gov
section108.gov,Federal - Legislative,Library of Congress,Library of Congress,Washington,DC,security@loc.gov
thomas.gov,Federal - Legislative,Library of Congress,Library of Congress,Washington,DC,security@loc.gov
tps.gov,Federal - Legislative,Library of Congress,Library of Congress,Washington,DC,(blank)
unitedstatescongress.gov,Federal - Legislative,Library of Congress,Library of Congress,Washington,DC,security@loc.gov
uscongress.gov,Federal - Legislative,Library of Congress,Library of Congress,Washington,DC,security@loc.gov
womenshistorymonth.gov,Federal - Legislative,Library of Congress,Library of Congress,Washington,DC,security@loc.gov
macpac.gov,Federal - Legislative,Medicaid and CHIP Payment and Access Commission,Medicaid and CHIP Payment and Access Commission,Washington,DC,IT.Support@macpac.gov
medpac.gov,Federal - Legislative,Medical Payment Advisory Commission,Medicare Payment Advisory Commission,Washington,DC,(blank)
compliance.gov,Federal - Legislative,Office of Congressional Workplace Rights,Congressional Office of Compliance,Washington,DC,mark.kruger@ocwr.gov
ocwr.gov,Federal - Legislative,Office of Congressional Workplace Rights,Office of Congressional Workplace Rights,Washington,DC,mark.kruger@ocwr.gov
coil.gov,Federal - Legislative,Open World Leadership Center,Congressional Office for International Leadership,Washington,DC,richard.martins@mail.house.gov
openworld.gov,Federal - Legislative,Open World Leadership Center,The Open World Leadership Center,Washington,DC,Richard.Martins@mail.house.gov
stennis.gov,Federal - Legislative,Stennis Center for Public Service,John C. Stennis Center for Public Service,Starkville,MS,(blank)
assistantdemocraticleader.gov,Federal - Legislative,The Legislative Branch,US House of Representatives,Washington,DC,richard.martins@mail.house.gov
cecc.gov,Federal - Legislative,The Legislative Branch,Congressional Executive Commission on China,Washington,DC,(blank)
china-commission.gov,Federal - Legislative,The Legislative Branch,Congressional-Executive Commission on China,Washington,DC,(blank)
chinacommission.gov,Federal - Legislative,The Legislative Branch,Congressional-Executive Commission on China,Washington,MD,(blank)
csce.gov,Federal - Legislative,The Legislative Branch,Commission on Security and Cooperation in Europe,Washington,DC,(blank)
democraticleader.gov,Federal - Legislative,The Legislative Branch,US House of Representatives,Washington,DC,(blank)
democraticwhip.gov,Federal - Legislative,The Legislative Branch,Democratic Whip's Office,Washington,DC,(blank)
democrats.gov,Federal - Legislative,The Legislative Branch,House Democratic Caucus,Washington,DC,(blank)
dems.gov,Federal - Legislative,The Legislative Branch,House Democratic Caucus,Washington,DC,(blank)
gop.gov,Federal - Legislative,The Legislative Branch,House Republican Conference,Washington,DC,(blank)
gopleader.gov,Federal - Legislative,The Legislative Branch,Office of the House Republican Leader,Washington,DC,(blank)
gopwhip.gov,Federal - Legislative,The Legislative Branch,US House of Representatives,Washington,DC,(blank)
housecommunications.gov,Federal - Legislative,The Legislative Branch,US House of Representatives,Washington,DC,(blank)
housedemocrats.gov,Federal - Legislative,The Legislative Branch,House Democratic Caucus,Washington,DC,(blank)
housedems.gov,Federal - Legislative,The Legislative Branch,House Democratic Caucus,Washington,DC,(blank)
housed.gov,Federal - Legislative,The Legislative Branch,US House of Representatives,Washington,DC,(blank)
house.gov,Federal - Legislative,The Legislative Branch,US House of Representatives,Washington,DC,(blank)
houselive.gov,Federal - Legislative,The Legislative Branch,US House of Representatives,Washington,DC,(blank)
housenewsletters.gov,Federal - Legislative,The Legislative Branch,US House of Representatives,Washington,DC,(blank)
jct.gov,Federal - Legislative,The Legislative Branch,"The Joint Committee on Taxation, United States Congress",Washington,DC,(blank)
majorityleader.gov,Federal - Legislative,The Legislative Branch,Office of the Majority Leader,Washington,DC,(blank)
majoritywhip.gov,Federal - Legislative,The Legislative Branch,Office of the Majority Whip,Washington,DC,(blank)
minoritywhip.gov,Federal - Legislative,The Legislative Branch,US House of Representatives,Washington,DC,(blank)
ppdcecc.gov,Federal - Legislative,The Legislative Branch,Congressional-Executive Commission on China,Washington,DC,(blank)
republicanleader.gov,Federal - Legislative,The Legislative Branch,US House of Representatives,Washington,DC,(blank)
republicans.gov,Federal - Legislative,The Legislative Branch,House Republican Conference,Washington,DC,(blank)
republicanwhip.gov,Federal - Legislative,The Legislative Branch,US House of Representatives,Washington,DC,(blank)
speaker.gov,Federal - Legislative,The Legislative Branch,Office of the Speaker,Washington,DC,(blank)
taxreform.gov,Federal - Legislative,The Legislative Branch,US House of Representatives,Washington,DC,(blank)
tmdbhouse.gov,Federal - Legislative,The Legislative Branch,US House of Representatives,Washington,DC,(blank)
ushouse.gov,Federal - Legislative,The Legislative Branch,US House of Representatives,Washington,DC,(blank)
ushr.gov,Federal - Legislative,The Legislative Branch,US House of Representatives,Washington,DC,(blank)
senate.gov,Federal - Legislative,United States Senate,US Senate,Washington,DC,saanoc2@saa.senate.gov
sen.gov,Federal - Legislative,United States Senate,US Senate,Washington,DC,saanoc2@saa.senate.gov
uscapitolpolice.gov,Federal - Legislative,U.S. Capitol Police,U.S. Capitol Police,Washington,DC,OIS-Security@uscp.gov
uscp.gov,Federal - Legislative,U.S. Capitol Police,U.S. Capitol Police,Washington,DC,(blank)
uscc.gov,Federal - Legislative,U.S.-China Economic and Security Review Commission,U.S.-China Economic and Security Review Commission,Washington,DC,(blank)
america250.gov,Federal - Legislative,U.S. Semiquincentennial Commission,United States Semiquincentennial Commission,Alexandria,VA,domain_security@america250.gov
usa250.gov,Federal - Legislative,U.S. Semiquincentennial Commission,United States Semiquincentennial Commission,Alexandria,VA,domain_security@america250.gov
ussemiquincentennial.gov,Federal - Legislative,U.S. Semiquincentennial Commission,United States Semiquincentennial Commission,Alexandria,VA,domain_security@america250.gov
whdpc.gov,Federal - Legislative,Western Hemisphere Drug Policy Commission,Western Hemisphere Drug Policy Commission,"Washington,",MD,mary.speck@whdpc.gov
